<?xml version="1.0" encoding="utf-8"?>
<TextDatabase xmlns:xsi="http://www.w3.org/2001/XMLSchema-instance" xsi:noNamespaceSchemaLocation="texts.xsd" Version="4.24.0">
  <Languages>
    <Language Id="GB" />
  </Languages>
  <Texts>
    <TextGroup Id="Group1" />
  </Texts>
  <Typographies>
    <Typography Id="Default" Font="verdana.ttf" Size="20" Bpp="4" IsVector="no" Direction="LTR" FallbackCharacter="?" />
    <Typography Id="Large" Font="verdana.ttf" Size="40" Bpp="4" IsVector="no" Direction="LTR" FallbackCharacter="?" />
    <Typography Id="Small" Font="verdana.ttf" Size="10" Bpp="4" IsVector="no" Direction="LTR" FallbackCharacter="?" />
  </Typographies>
</TextDatabase>
